[{"id":"user-image-corr.png","publicUrl":"np://user.desktop.nicepage.com/Site_28085983/images/corr.png","size":590341,"fileName":"corr.png","name":"corr","width":2604,"height":1904,"thumbnail":{"url":"np://user.desktop.nicepage.com/Site_28085983/images/thumbnails/corr.png","width":250,"height":183},"usages":["451616341"]},{"id":"user-image-1384060.png","publicUrl":"np://user.desktop.nicepage.com/Site_28085983/images/1384060.png","size":2027,"fileName":"1384060.png","name":"1384060","width":128,"height":128,"thumbnail":{"url":"np://user.desktop.nicepage.com/Site_28085983/images/thumbnails/1384060.png","width":128,"height":128,"length":2027},"usages":["451616341"]},{"id":"user-image-2111432.png","publicUrl":"np://user.desktop.nicepage.com/Site_28085983/images/2111432.png","size":2970,"fileName":"2111432.png","name":"2111432","width":128,"height":128,"thumbnail":{"url":"np://user.desktop.nicepage.com/Site_28085983/images/thumbnails/2111432.png","width":128,"height":128,"length":2970},"usages":["451616341"]},{"id":"user-image-AAG2018_poster_thumb.jpg","publicUrl":"np://user.desktop.nicepage.com/Site_28085983/images/AAG2018_poster_thumb.jpg","size":295914,"fileName":"AAG2018_poster_thumb.jpg","name":"AAG2018_poster_thumb","width":750,"height":1000,"thumbnail":{"url":"np://user.desktop.nicepage.com/Site_28085983/images/thumbnails/AAG2018_poster_thumb.jpg","width":188,"height":250},"usages":["451616341"]},{"id":"user-image-AGU2019_poster.png","publicUrl":"np://user.desktop.nicepage.com/Site_28085983/images/AGU2019_poster.png","size":2204272,"fileName":"AGU2019_poster.png","name":"AGU2019_poster","width":1186,"height":1920,"thumbnail":{"url":"np://user.desktop.nicepage.com/Site_28085983/images/thumbnails/AGU2019_poster.png","width":154,"height":250},"usages":["451616341"]},{"id":"user-image-AGU2021_poster_thumb.jpg","publicUrl":"np://user.desktop.nicepage.com/Site_28085983/images/AGU2021_poster_thumb.jpg","size":341005,"fileName":"AGU2021_poster_thumb.jpg","name":"AGU2021_poster_thumb","width":750,"height":1000,"thumbnail":{"url":"np://user.desktop.nicepage.com/Site_28085983/images/thumbnails/AGU2021_poster_thumb.jpg","width":188,"height":250},"usages":["451616341"]},{"id":"user-image-Wesley_biopic.jpg","publicUrl":"np://user.desktop.nicepage.com/Site_28085983/images/Wesley_biopic.jpg","size":919965,"fileName":"Wesley_biopic.jpg","name":"Wesley_biopic","width":1920,"height":1920,"thumbnail":{"url":"np://user.desktop.nicepage.com/Site_28085983/images/thumbnails/Wesley_biopic.jpg","width":250,"height":250},"usages":["451616341"]},{"id":"user-image-LST-dominant-scale.png","publicUrl":"np://user.desktop.nicepage.com/Site_28085983/images/LST-dominant-scale.png","size":2002298,"fileName":"LST-dominant-scale.png","name":"LST-dominant-scale","width":1920,"height":1157,"thumbnail":{"url":"np://user.desktop.nicepage.com/Site_28085983/images/thumbnails/LST-dominant-scale.png","width":250,"height":151},"usages":["451616341"]},{"id":"user-image-applied-research.png","publicUrl":"np://user.desktop.nicepage.com/Site_28085983/images/applied-research.png","size":951485,"fileName":"applied-research.png","name":"applied-research","width":2800,"height":2200,"thumbnail":{"url":"np://user.desktop.nicepage.com/Site_28085983/images/thumbnails/applied-research.png","width":250,"height":196},"usages":["451616341"]},{"id":"user-image-asthma-rates.png","publicUrl":"np://user.desktop.nicepage.com/Site_28085983/images/asthma-rates.png","size":279447,"fileName":"asthma-rates.png","name":"asthma-rates","width":1920,"height":916,"thumbnail":{"url":"np://user.desktop.nicepage.com/Site_28085983/images/thumbnails/asthma-rates.png","width":250,"height":119},"usages":["451616341"]},{"id":"user-image-collaboration.png","publicUrl":"np://user.desktop.nicepage.com/Site_28085983/images/collaboration.png","size":819496,"fileName":"collaboration.png","name":"collaboration","width":2800,"height":2200,"thumbnail":{"url":"np://user.desktop.nicepage.com/Site_28085983/images/thumbnails/collaboration.png","width":250,"height":196},"usages":["451616341"]},{"id":"user-image-conditional.jpg","publicUrl":"np://user.desktop.nicepage.com/Site_28085983/images/conditional.jpg","size":476754,"fileName":"conditional.jpg","name":"conditional","width":1520,"height":1800,"thumbnail":{"url":"np://user.desktop.nicepage.com/Site_28085983/images/thumbnails/conditional.jpg","width":211,"height":250},"usages":["451616341"]},{"id":"user-image-covar.jpg","publicUrl":"np://user.desktop.nicepage.com/Site_28085983/images/covar.jpg","size":314781,"fileName":"covar.jpg","name":"covar","width":1520,"height":1800,"thumbnail":{"url":"np://user.desktop.nicepage.com/Site_28085983/images/thumbnails/covar.jpg","width":211,"height":250},"usages":["451616341"]},{"id":"user-image-decomposition.png","publicUrl":"np://user.desktop.nicepage.com/Site_28085983/images/decomposition.png","size":1159438,"fileName":"decomposition.png","name":"decomposition","width":1920,"height":791,"thumbnail":{"url":"np://user.desktop.nicepage.com/Site_28085983/images/thumbnails/decomposition.png","width":250,"height":103},"usages":["451616341"]},{"id":"user-image-ethics-justice.png","publicUrl":"np://user.desktop.nicepage.com/Site_28085983/images/ethics-justice.png","size":1006411,"fileName":"ethics-justice.png","name":"ethics-justice","width":2800,"height":2200,"thumbnail":{"url":"np://user.desktop.nicepage.com/Site_28085983/images/thumbnails/ethics-justice.png","width":250,"height":196},"usages":["451616341"]},{"id":"user-image-time-series.png","publicUrl":"np://user.desktop.nicepage.com/Site_28085983/images/time-series.png","size":538501,"fileName":"time-series.png","name":"time-series","width":1920,"height":1627,"thumbnail":{"url":"np://user.desktop.nicepage.com/Site_28085983/images/thumbnails/time-series.png","width":250,"height":212},"usages":["451616341"]},{"id":"user-image-knowledge-translation.png","publicUrl":"np://user.desktop.nicepage.com/Site_28085983/images/knowledge-translation.png","size":883892,"fileName":"knowledge-translation.png","name":"knowledge-translation","width":2800,"height":2200,"thumbnail":{"url":"np://user.desktop.nicepage.com/Site_28085983/images/thumbnails/knowledge-translation.png","width":250,"height":196},"usages":["451616341"]},{"id":"user-image-participation.png","publicUrl":"np://user.desktop.nicepage.com/Site_28085983/images/participation.png","size":956818,"fileName":"participation.png","name":"participation","width":2800,"height":2200,"thumbnail":{"url":"np://user.desktop.nicepage.com/Site_28085983/images/thumbnails/participation.png","width":250,"height":196},"usages":["451616341"]},{"id":"user-image-priorities.png","publicUrl":"np://user.desktop.nicepage.com/Site_28085983/images/priorities.png","size":446957,"fileName":"priorities.png","name":"priorities","width":1920,"height":1509,"thumbnail":{"url":"np://user.desktop.nicepage.com/Site_28085983/images/thumbnails/priorities.png","width":250,"height":196},"usages":["451616341"]},{"id":"user-image-race-q.png","publicUrl":"np://user.desktop.nicepage.com/Site_28085983/images/race-q.png","size":262499,"fileName":"race-q.png","name":"race-q","width":1920,"height":1440,"thumbnail":{"url":"np://user.desktop.nicepage.com/Site_28085983/images/thumbnails/race-q.png","width":250,"height":188},"usages":["451616341"]},{"id":"user-image-regression.png","publicUrl":"np://user.desktop.nicepage.com/Site_28085983/images/regression.png","size":540751,"fileName":"regression.png","name":"regression","width":1920,"height":1547,"thumbnail":{"url":"np://user.desktop.nicepage.com/Site_28085983/images/thumbnails/regression.png","width":250,"height":201},"usages":["451616341"]},{"id":"user-image-spatial.jpg","publicUrl":"np://user.desktop.nicepage.com/Site_28085983/images/spatial.jpg","size":452733,"fileName":"spatial.jpg","name":"spatial","width":1520,"height":1800,"thumbnail":{"url":"np://user.desktop.nicepage.com/Site_28085983/images/thumbnails/spatial.jpg","width":211,"height":250},"usages":["451616341"]},{"id":"user-image-trends.png","publicUrl":"np://user.desktop.nicepage.com/Site_28085983/images/trends.png","size":761187,"fileName":"trends.png","name":"trends","width":1920,"height":1091,"thumbnail":{"url":"np://user.desktop.nicepage.com/Site_28085983/images/thumbnails/trends.png","width":250,"height":142},"usages":["451616341"]},{"id":"user-image-6680597.png","publicUrl":"np://user.desktop.nicepage.com/Site_28085983/images/6680597.png","size":3869,"hash":"mZqEpCicANW2l+ciXEK646jsi2k=","fileName":"6680597.png","name":"6680597","width":128,"height":128,"thumbnail":{"url":"np://user.desktop.nicepage.com/Site_28085983/images/thumbnails/6680597.png","width":128,"height":128,"length":3869,"type":"png"},"usages":["451616341"]}]