[{"id":"user-image-Wesley_biopic.jpg","publicUrl":"np://user.desktop.nicepage.com/Site_208260050/images/Wesley_biopic.jpg","size":1320826,"hash":"lBkwVfVAsOb4n5RcwRJ0c5MoR1c=","fileName":"Wesley_biopic.jpg","name":"Wesley_biopic","width":2960,"height":2960,"thumbnail":{"url":"np://user.desktop.nicepage.com/Site_208260050/images/thumbnails/Wesley_biopic.jpg","width":250,"height":250},"usages":["451616341"]},{"id":"user-image-relativerisk.png","publicUrl":"np://user.desktop.nicepage.com/Site_208260050/images/relativerisk.png","size":605578,"hash":"NP8kQQnlxouOiU4lgIgsjVfCX3c=","fileName":"relativerisk.png","name":"relativerisk","width":2700,"height":2100,"thumbnail":{"url":"np://user.desktop.nicepage.com/Site_208260050/images/thumbnails/relativerisk.png","width":250,"height":194},"usages":["451616341"]},{"id":"user-image-race-q.png","publicUrl":"np://user.desktop.nicepage.com/Site_208260050/images/race-q.png","size":263255,"hash":"vHy9IYKOcyZhiaugyL0on3mO0Tg=","fileName":"race-q.png","name":"race-q","width":2400,"height":1800,"thumbnail":{"url":"np://user.desktop.nicepage.com/Site_208260050/images/thumbnails/race-q.png","width":250,"height":188},"usages":["451616341"]},{"id":"user-image-priorities.png","publicUrl":"np://user.desktop.nicepage.com/Site_208260050/images/priorities.png","size":505032,"hash":"9wlx4hRw6z06ULvOJfAMLIeW4tw=","fileName":"priorities.png","name":"priorities","width":2800,"height":2200,"thumbnail":{"url":"np://user.desktop.nicepage.com/Site_208260050/images/thumbnails/priorities.png","width":250,"height":196},"usages":["451616341"]}]