[{"id":"user-image-Wesley_biopic.jpg","publicUrl":"np://user.desktop.nicepage.com/Site_208260050/images/Wesley_biopic.jpg","size":1320826,"hash":"lBkwVfVAsOb4n5RcwRJ0c5MoR1c=","fileName":"Wesley_biopic.jpg","name":"Wesley_biopic","width":2960,"height":2960,"thumbnail":{"url":"np://user.desktop.nicepage.com/Site_208260050/images/thumbnails/Wesley_biopic.jpg","width":250,"height":250},"usages":["451616341"]},{"id":"user-image-spatial.jpg","publicUrl":"np://user.desktop.nicepage.com/Site_208260050/images/spatial.jpg","size":452733,"hash":"hgMi1eaBGm2TexeJ6b9fPEoCrNI=","fileName":"spatial.jpg","name":"spatial","width":1520,"height":1800,"thumbnail":{"url":"np://user.desktop.nicepage.com/Site_208260050/images/thumbnails/spatial.jpg","width":211,"height":250},"usages":["451616341"]},{"id":"user-image-covar.jpg","publicUrl":"np://user.desktop.nicepage.com/Site_208260050/images/covar.jpg","size":314781,"hash":"6htK0Nz9TdOSbmC9iPb9VdHSazQ=","fileName":"covar.jpg","name":"covar","width":1520,"height":1800,"thumbnail":{"url":"np://user.desktop.nicepage.com/Site_208260050/images/thumbnails/covar.jpg","width":211,"height":250},"usages":["451616341"]},{"id":"user-image-conditional.jpg","publicUrl":"np://user.desktop.nicepage.com/Site_208260050/images/conditional.jpg","size":476754,"hash":"WZL2BWi/nVUzM0XUPHGVB6xYd1w=","fileName":"conditional.jpg","name":"conditional","width":1520,"height":1800,"thumbnail":{"url":"np://user.desktop.nicepage.com/Site_208260050/images/thumbnails/conditional.jpg","width":211,"height":250},"usages":["451616341"]},{"id":"user-image-race-q.png","publicUrl":"np://user.desktop.nicepage.com/Site_208260050/images/race-q.png","size":263255,"hash":"vHy9IYKOcyZhiaugyL0on3mO0Tg=","fileName":"race-q.png","name":"race-q","width":2400,"height":1800,"thumbnail":{"url":"np://user.desktop.nicepage.com/Site_208260050/images/thumbnails/race-q.png","width":250,"height":188},"usages":["451616341"]},{"id":"user-image-asthma-rates.png","publicUrl":"np://user.desktop.nicepage.com/Site_208260050/images/asthma-rates.png","size":542112,"hash":"q9sQHsN8UKjxyhe59neah1VmepQ=","fileName":"asthma-rates.png","name":"asthma-rates","width":4400,"height":2100,"thumbnail":{"url":"np://user.desktop.nicepage.com/Site_208260050/images/thumbnails/asthma-rates.png","width":250,"height":119},"usages":["451616341"]},{"id":"user-image-time-series.png","publicUrl":"np://user.desktop.nicepage.com/Site_208260050/images/time-series.png","size":618302,"hash":"jvMxLUXuLqc+aMJugIcCA+OI3GU=","fileName":"time-series.png","name":"time-series","width":2950,"height":2500,"thumbnail":{"url":"np://user.desktop.nicepage.com/Site_208260050/images/thumbnails/time-series.png","width":250,"height":212},"usages":["451616341"]},{"id":"user-image-trends.png","publicUrl":"np://user.desktop.nicepage.com/Site_208260050/images/trends.png","size":2882245,"hash":"nLx2CORZ9J4qJvn/XuKxgeZXYUM=","fileName":"trends.png","name":"trends","width":4400,"height":2500,"thumbnail":{"url":"np://user.desktop.nicepage.com/Site_208260050/images/thumbnails/trends.png","width":250,"height":142},"usages":["451616341"]},{"id":"user-image-priorities.png","publicUrl":"np://user.desktop.nicepage.com/Site_208260050/images/priorities.png","size":505032,"hash":"9wlx4hRw6z06ULvOJfAMLIeW4tw=","fileName":"priorities.png","name":"priorities","width":2800,"height":2200,"thumbnail":{"url":"np://user.desktop.nicepage.com/Site_208260050/images/thumbnails/priorities.png","width":250,"height":196},"usages":["451616341"]},{"id":"user-image-collaboration.png","publicUrl":"np://user.desktop.nicepage.com/Site_208260050/images/collaboration.png","size":819496,"hash":"hDXH3W26Ojnou9VDch8WYK9/+T8=","fileName":"collaboration.png","name":"collaboration","width":2800,"height":2200,"thumbnail":{"url":"np://user.desktop.nicepage.com/Site_208260050/images/thumbnails/collaboration.png","width":250,"height":196},"usages":["451616341"]},{"id":"user-image-participation.png","publicUrl":"np://user.desktop.nicepage.com/Site_208260050/images/participation.png","size":956818,"hash":"BoUJFXRMg3sfsND+Cdq4PfYPkJk=","fileName":"participation.png","name":"participation","width":2800,"height":2200,"thumbnail":{"url":"np://user.desktop.nicepage.com/Site_208260050/images/thumbnails/participation.png","width":250,"height":196},"usages":["451616341"]},{"id":"user-image-ethics-justice.png","publicUrl":"np://user.desktop.nicepage.com/Site_208260050/images/ethics-justice.png","size":1006411,"hash":"vbUnAriYhAxXS5AMIPWK/vopqGQ=","fileName":"ethics-justice.png","name":"ethics-justice","width":2800,"height":2200,"thumbnail":{"url":"np://user.desktop.nicepage.com/Site_208260050/images/thumbnails/ethics-justice.png","width":250,"height":196},"usages":["451616341"]},{"id":"user-image-applied-research.png","publicUrl":"np://user.desktop.nicepage.com/Site_208260050/images/applied-research.png","size":951485,"hash":"fMeMlW54m/zM+t3E7J7hfaimmDc=","fileName":"applied-research.png","name":"applied-research","width":2800,"height":2200,"thumbnail":{"url":"np://user.desktop.nicepage.com/Site_208260050/images/thumbnails/applied-research.png","width":250,"height":196},"usages":["451616341"]},{"id":"user-image-knowledge-translation.png","publicUrl":"np://user.desktop.nicepage.com/Site_208260050/images/knowledge-translation.png","size":883892,"hash":"VgmAKyO+ZrTEGZfmbePE4Qs0IZQ=","fileName":"knowledge-translation.png","name":"knowledge-translation","width":2800,"height":2200,"thumbnail":{"url":"np://user.desktop.nicepage.com/Site_208260050/images/thumbnails/knowledge-translation.png","width":250,"height":196},"usages":["451616341"]},{"id":"user-image-AGU2021_poster_thumb.jpg","publicUrl":"np://user.desktop.nicepage.com/Site_208260050/images/AGU2021_poster_thumb.jpg","size":341005,"hash":"mWqW4uJQ1U/m+SxGH+FPdo49hIA=","fileName":"AGU2021_poster_thumb.jpg","name":"AGU2021_poster_thumb","width":750,"height":1000,"thumbnail":{"url":"np://user.desktop.nicepage.com/Site_208260050/images/thumbnails/AGU2021_poster_thumb.jpg","width":188,"height":250},"usages":["451616341"]},{"id":"user-image-AAG2018_poster_thumb.jpg","publicUrl":"np://user.desktop.nicepage.com/Site_208260050/images/AAG2018_poster_thumb.jpg","size":295914,"hash":"dG6f8raSbTFazTYZhsSvfnz/9KI=","fileName":"AAG2018_poster_thumb.jpg","name":"AAG2018_poster_thumb","width":750,"height":1000,"thumbnail":{"url":"np://user.desktop.nicepage.com/Site_208260050/images/thumbnails/AAG2018_poster_thumb.jpg","width":188,"height":250},"usages":["451616341"]},{"id":"user-image-AGU2019_poster.png","publicUrl":"np://user.desktop.nicepage.com/Site_208260050/images/AGU2019_poster.png","size":2977842,"hash":"g2HUsizxTZUYZQcnWSlfCQLxq78=","fileName":"AGU2019_poster.png","name":"AGU2019_poster","width":1483,"height":2400,"thumbnail":{"url":"np://user.desktop.nicepage.com/Site_208260050/images/thumbnails/AGU2019_poster.png","width":154,"height":250},"usages":["451616341"]},{"id":"user-image-32D3F263-7C34-40A0-8904-5D32B5A004EB_1_105_c.jpeg","publicUrl":"np://user.desktop.nicepage.com/Site_208260050/images/32D3F263-7C34-40A0-8904-5D32B5A004EB_1_105_c.jpeg","size":337460,"hash":"Dmsne6oBA1q4j2N0vwLqZ9dn6/c=","fileName":"32D3F263-7C34-40A0-8904-5D32B5A004EB_1_105_c.jpeg","name":"32D3F263-7C34-40A0-8904-5D32B5A004EB_1_105_c","width":1024,"height":768,"thumbnail":{"url":"np://user.desktop.nicepage.com/Site_208260050/images/thumbnails/32D3F263-7C34-40A0-8904-5D32B5A004EB_1_105_c.jpeg","width":250,"height":188},"usages":["208093178"]},{"id":"user-image-regression.png","publicUrl":"np://user.desktop.nicepage.com/Site_208260050/images/regression.png","size":567898,"hash":"RzKurk8OwIcPzn0TS2WJyv9K648=","fileName":"regression.png","name":"regression","width":2586,"height":2084,"thumbnail":{"url":"np://user.desktop.nicepage.com/Site_208260050/images/thumbnails/regression.png","width":250,"height":201},"usages":["451616341"]},{"id":"user-image-corr.png","publicUrl":"np://user.desktop.nicepage.com/Site_208260050/images/corr.png","size":590341,"hash":"ZhP6qHIjbHJMRi9p0uYgv1+YG0w=","fileName":"corr.png","name":"corr","width":2604,"height":1904,"thumbnail":{"url":"np://user.desktop.nicepage.com/Site_208260050/images/thumbnails/corr.png","width":250,"height":183},"usages":["451616341"]},{"id":"user-image-decomposition.png","publicUrl":"np://user.desktop.nicepage.com/Site_208260050/images/decomposition.png","size":2481763,"hash":"zW77iiXjJkss6fL0iOaf6ANZ/Ug=","fileName":"decomposition.png","name":"decomposition","width":2714,"height":1118,"thumbnail":{"url":"np://user.desktop.nicepage.com/Site_208260050/images/thumbnails/decomposition.png","width":250,"height":103},"usages":["451616341"]},{"id":"user-image-LST-dominant-scale.png","publicUrl":"np://user.desktop.nicepage.com/Site_208260050/images/LST-dominant-scale.png","size":3957308,"hash":"wCrKEFC1K59D5WMTXv/YdnRLf5Q=","fileName":"LST-dominant-scale.png","name":"LST-dominant-scale","width":2490,"height":1500,"thumbnail":{"url":"np://user.desktop.nicepage.com/Site_208260050/images/thumbnails/LST-dominant-scale.png","width":250,"height":151},"usages":["451616341"]}]